Hierarchy,,Information,,Observed Storage,,Performance,,
Group Name,Asset,Server Name,Disk,Observed Disk Capacity (GB),Observed Disk Occupancy (GB),Observed Throughput (MBps),Peak IOPS,ID (server name + uid)
Physical Infrastructure,Default,BGR186Q05,C:,75.2,56.1,31.8,1071,v_0h8sbl1L.C:
Physical Infrastructure,Default,BGR186Q05,D:,536.9,185.2,496.2,7794,v_0h8sbl1L.D:
Physical Infrastructure,Default,BGR186Q05,E:,375.8,298.6,539.8,8454,v_0h8sbl1L.E:
Physical Infrastructure,Default,BGR186Q05,Z:,10.7,0.2,9.3,653,v_0h8sbl1L.Z:
Physical Infrastructure,Default,ECBRPRW20,C:,161,87,32.3,1073,v_10HOpMk7.C:
Physical Infrastructure,Default,ECBRPRW20,D:,53.7,5.6,1.2,102,v_10HOpMk7.D:
Physical Infrastructure,Default,ECBRPRAP28,C:,64.3,27.5,19.3,771,v_1FTvlnQU.C:
Physical Infrastructure,Default,ECBRPRAP28,D:,53.7,7.9,0,0,v_1FTvlnQU.D:
Physical Infrastructure,Default,ECBRPRAP28,E:,214.7,0.1,0,0,v_1FTvlnQU.E:
Physical Infrastructure,Default,ECBRPRB01,C:,192,112.2,15,798,v_1tbDCZ9O.C:
Physical Infrastructure,Default,ECBRPRB01,D:,85.8,62.6,24.8,1716,v_1tbDCZ9O.D:
Physical Infrastructure,Default,ECBRPRB01,E:,2418.8,1047.6,21.7,1389,v_1tbDCZ9O.E:
Physical Infrastructure,Default,ECBRPRB01,F:,536.7,12.7,58.3,597,v_1tbDCZ9O.F:
Physical Infrastructure,Default,ECBRPRB01,H:,1099.4,659.7,0,0,v_1tbDCZ9O.H:
Physical Infrastructure,Default,ECBRPRB01,I:,2638.7,1783.9,115.4,14767,v_1tbDCZ9O.I:
Physical Infrastructure,Default,ECBRPRB01,J:,1099.4,453.5,5.6,1440,v_1tbDCZ9O.J:
Physical Infrastructure,Default,ECBRPRB01,K:,107.2,75.7,40.6,232,v_1tbDCZ9O.K:
Physical Infrastructure,Default,ECBRPRB01,M:,1099.4,507.5,115.2,485,v_1tbDCZ9O.M:
Physical Infrastructure,Default,ECBRPRB01,N:,2198.9,1767.6,1976.8,9967,v_1tbDCZ9O.N:
Physical Infrastructure,Default,ECBRPRB01,Q:,1099.4,267.6,72.1,990,v_1tbDCZ9O.Q:
Physical Infrastructure,Default,ECBRPRB01,S:,107.4,39,0,0,v_1tbDCZ9O.S:
Physical Infrastructure,Default,ECBRPRB01,Y:,1429.2,652,370.1,1846,v_1tbDCZ9O.Y:
Physical Infrastructure,Default,ECBRPRB01,Z:,858.9,62.2,0,6,v_1tbDCZ9O.Z:
Physical Infrastructure,Default,ecbrprq58,L:,322.1,3.4,8.8,157,v_214lBYh3.L:
Physical Infrastructure,Default,ecbrprq58,T:,1099.5,620.8,0,0,v_214lBYh3.T:
Physical Infrastructure,Default,ecbrprq58,C:,160.5,68.8,29.2,461,v_214lBYh3.C:
Physical Infrastructure,Default,ecbrprq58,D:,107.4,18.6,140.1,687,v_214lBYh3.D:
Physical Infrastructure,Default,ecbrprq58,E:,107.4,21.7,84.9,439,v_214lBYh3.E:
Physical Infrastructure,Default,ecbrprq58,F:,268.4,226.2,46.2,386,v_214lBYh3.F:
Physical Infrastructure,Default,ecbrprq58,G:,268.4,225.9,47.3,390,v_214lBYh3.G:
Physical Infrastructure,Default,ecbrprq58,H:,268.4,225.9,47.2,386,v_214lBYh3.H:
Physical Infrastructure,Default,ecbrprq58,I:,268.4,227,47.4,394,v_214lBYh3.I:
Physical Infrastructure,Default,ecbrprq58,J:,214.7,113.6,186.8,791,v_214lBYh3.J:
Physical Infrastructure,Default,ecbrprq58,K:,214.7,109.5,200,838,v_214lBYh3.K:
Physical Infrastructure,Default,ecbrprq58,Z:,53.7,0.2,15.3,83,v_214lBYh3.Z:
Physical Infrastructure,Default,ECBRPRW56,C:,160.5,52.5,65.3,1405,v_2AjC20ut.C:
Physical Infrastructure,Default,ECBRPRW56,D:,429.5,23.1,9.3,38,v_2AjC20ut.D:
Physical Infrastructure,Default,ECBRPRW68,C:,160.5,40,45.6,2204,v_2VPOZwPy.C:
Physical Infrastructure,Default,ECBRPRW68,D:,53.7,7,0.1,21,v_2VPOZwPy.D:
Physical Infrastructure,Default,ECBRPRAP21,C:,85.3,46.4,45.8,1781,v_2yJ9sCo5.C:
Physical Infrastructure,Default,ECBRPRAP21,D:,53.7,14.1,1,79,v_2yJ9sCo5.D:
Physical Infrastructure,Default,ECBRPRW25,C:,85.3,51.5,32.2,1545,v_3IA3B29F.C:
Physical Infrastructure,Default,ECBRPRW25,D:,42.9,3.4,0.6,150,v_3IA3B29F.D:
Physical Infrastructure,Default,ecbrprcl1,C:,106.1,61.9,17.4,821,v_3ISTve6t.C:
Physical Infrastructure,Default,ecbrprcl1,D:,53.7,28.3,0,0,v_3ISTve6t.D:
Physical Infrastructure,Default,ecbrprcl1,E:,107.2,9,1.8,36,v_3ISTve6t.E:
Physical Infrastructure,Default,ecbrprcl1,F:,107.2,21.4,4.1,308,v_3ISTve6t.F:
Physical Infrastructure,Default,ecbrprcl1,G:,107.2,1.3,0.1,123,v_3ISTve6t.G:
Physical Infrastructure,Default,ecbrprcl1,N:,123.3,0.9,0,0,v_3ISTve6t.N:
Physical Infrastructure,Default,ecbrprcl1,Q:,5.3,0.1,0.1,2,v_3ISTve6t.Q:
Physical Infrastructure,Default,ecbrprci1,D:,128.8,80.1,7.6,229,v_49sfeILi.D:
Physical Infrastructure,Default,ecbrprci1,F:,214.7,17,6.5,545,v_49sfeILi.F:
Physical Infrastructure,Default,ecbrprci1,G:,322.1,68.5,0.1,13,v_49sfeILi.G:
Physical Infrastructure,Default,ecbrprci1,H:,107.4,65.4,0.3,69,v_49sfeILi.H:
Physical Infrastructure,Default,ecbrprci1,C:,160.2,102.6,110.3,1152,v_49sfeILi.C:
Physical Infrastructure,Default,ECBRPRW49,C:,160.5,113.2,11.1,558,v_4Xly8uQf.C:
Physical Infrastructure,Default,ECBRPRW49,D:,75.2,34.3,0.3,25,v_4Xly8uQf.D:
Physical Infrastructure,Default,ECBRPRW49,L:,21.3,13.4,0,10,v_4Xly8uQf.L:
Physical Infrastructure,Default,ECBRPRCF01,C:,160.5,56.8,26.6,1799,v_5AHC6xDI.C:
Physical Infrastructure,Default,ECBRPRCF01,D:,107.4,1.3,0,0,v_5AHC6xDI.D:
Physical Infrastructure,Default,ECBRPRH04,D:,322.1,190.3,4.5,151,v_5BJFAv4M.D:
Physical Infrastructure,Default,ECBRPRH04,E:,53.7,7.9,0,0,v_5BJFAv4M.E:
Physical Infrastructure,Default,ECBRPRH04,C:,64.3,27.4,68.7,814,v_5BJFAv4M.C:
Physical Infrastructure,Default,ecbrprarb01,C:,192.7,139.8,48.5,1293,v_5OmHSFGQ.C:
Physical Infrastructure,Default,ecbrprarb01,D:,75.2,49.2,37.5,321,v_5OmHSFGQ.D:
Physical Infrastructure,Default,ecbrprq52,C:,321.6,63.5,14.6,843,v_5g0Fp954.C:
Physical Infrastructure,Default,ecbrprq52,D:,128.8,48.6,122.8,638,v_5g0Fp954.D:
Physical Infrastructure,Default,ecbrprq52,Z:,42.9,0.2,1.8,43,v_5g0Fp954.Z:
Physical Infrastructure,Default,ECBRPRQ68,C:,64.3,37.2,8.7,259,v_637uUrcF.C:
Physical Infrastructure,Default,ECBRPRQ68,D:,64.4,1.5,0,0,v_637uUrcF.D:
Physical Infrastructure,Default,ECBRPRQ68,E:,85.9,38.8,4.1,69,v_637uUrcF.E:
Physical Infrastructure,Default,ECBRPRQ68,F:,225.5,12.4,1,10,v_637uUrcF.F:
Physical Infrastructure,Default,ECBRPRQ68,G:,107.4,54,313.8,1328,v_637uUrcF.G:
Physical Infrastructure,Default,ECBRPRQ68,H:,107.4,0.1,0,0,v_637uUrcF.H:
Physical Infrastructure,Default,ECBRPRQ68,I:,107.4,0.1,0,0,v_637uUrcF.I:
Physical Infrastructure,Default,ECBRPRQ68,J:,107.4,0.1,0,0,v_637uUrcF.J:
Physical Infrastructure,Default,ECBRPRW74,C:,106.8,42.3,34.6,678,v_69xe8EMB.C:
Physical Infrastructure,Default,ECBRPRW74,D:,375.8,305.8,176.8,5758,v_69xe8EMB.D:
Physical Infrastructure,Default,ECBRPRW71,C:,85.9,41.9,18.4,830,v_6o98zqWT.C:
Physical Infrastructure,Default,ECBRPRW71,D:,43,3.1,0,0,v_6o98zqWT.D:
Physical Infrastructure,Default,ECBRPRAP14,C:,160.5,119.7,21.6,1156,v_70uSgW4o.C:
Physical Infrastructure,Default,ECBRPRAP14,D:,53.7,40.8,0,0,v_70uSgW4o.D:
Physical Infrastructure,Default,ecbrprq74,C:,85.8,38.6,54.9,1191,v_7eCKseXC.C:
Physical Infrastructure,Default,ecbrprq74,D:,53.7,14.2,8.4,73,v_7eCKseXC.D:
Physical Infrastructure,Default,ecbrprq74,E:,85.9,9.3,8,127,v_7eCKseXC.E:
Physical Infrastructure,Default,ecbrprq74,F:,107.4,40.6,158.2,980,v_7eCKseXC.F:
Physical Infrastructure,Default,ecbrprq74,G:,161,77.2,87.4,435,v_7eCKseXC.G:
Physical Infrastructure,Default,ecbrprq74,H:,161,77.2,83.8,417,v_7eCKseXC.H:
Physical Infrastructure,Default,ecbrprq74,I:,107.4,77.3,84.9,10821,v_7eCKseXC.I:
Physical Infrastructure,Default,ecbrprq74,J:,107.4,62.4,22.8,2915,v_7eCKseXC.J:
Physical Infrastructure,Default,ecbrprq74,K:,107.4,62.5,107.7,482,v_7eCKseXC.K:
Physical Infrastructure,Default,ecbrprq74,L:,107.4,59.1,0.1,6,v_7eCKseXC.L:
Physical Infrastructure,Default,ecbrprq74,M:,107.4,59.6,31.1,126,v_7eCKseXC.M:
Physical Infrastructure,Default,ecbrprq74,N:,214.7,150.3,101.8,504,v_7eCKseXC.N:
Physical Infrastructure,Default,ecbrprq74,O:,107.4,39.1,22.6,2890,v_7eCKseXC.O:
Physical Infrastructure,Default,ecbrprq74,P:,107.4,36.8,102.7,424,v_7eCKseXC.P:
Physical Infrastructure,Default,ecbrprq74,Q:,107.4,23.6,111.9,472,v_7eCKseXC.Q:
Physical Infrastructure,Default,ecbrprq74,R:,107.4,17.4,116.4,488,v_7eCKseXC.R:
Physical Infrastructure,Default,ECBRPRW48,C:,160.5,114.7,75.4,2810,v_7pTtLFWv.C:
Physical Infrastructure,Default,ECBRPRW48,D:,53.7,10.1,1.3,25,v_7pTtLFWv.D:
Physical Infrastructure,Default,ECBRPRW43,D:,268.4,32.7,0,0,v_9G7uiVSm.D:
Physical Infrastructure,Default,ECBRPRW43,C:,85.3,48.8,88.6,685,v_9G7uiVSm.C:
Physical Infrastructure,Default,ECBRPRQ69,C:,106.8,53.6,2.7,277,v_9UxDKEPC.C:
Physical Infrastructure,Default,ECBRPRQ69,D:,42.9,19.4,12.7,526,v_9UxDKEPC.D:
Physical Infrastructure,Default,ECBRPRQ69,E:,268.4,110,184.1,1719,v_9UxDKEPC.E:
Physical Infrastructure,Default,ECBRPRQ69,F:,268.4,137.6,199.7,1962,v_9UxDKEPC.F:
Physical Infrastructure,Default,ECBRPRQ69,G:,214.7,57.8,84.2,348,v_9UxDKEPC.G:
Physical Infrastructure,Default,ECBRPRQ69,H:,268.4,105.5,109.9,558,v_9UxDKEPC.H:
Physical Infrastructure,Default,ECBRPRQ69,I:,268.4,184.7,307.3,1257,v_9UxDKEPC.I:
Physical Infrastructure,Default,ECBRPRQ69,J:,268.4,188.6,320.4,1468,v_9UxDKEPC.J:
Physical Infrastructure,Default,ECBRPRQ69,K:,214.7,139,190.1,801,v_9UxDKEPC.K:
Physical Infrastructure,Default,ECBRPRQ69,L:,214.7,79.3,109.1,448,v_9UxDKEPC.L:
Physical Infrastructure,Default,ECBRPRQ69,M:,214.7,7.9,221.7,1111,v_9UxDKEPC.M:
Physical Infrastructure,Default,ECBRPRQ69,Z:,75.1,0.1,0,0,v_9UxDKEPC.Z:
Physical Infrastructure,Default,ECBRPRAP7,C:,160.5,43,18.8,1659,v_9z6V9jfj.C:
Physical Infrastructure,Default,ECBRPRAP7,D:,214.7,117.9,0.2,21,v_9z6V9jfj.D:
Physical Infrastructure,Default,ECBRPRW62,C:,160.5,41,46.7,1084,v_AjNxO11Y.C:
Physical Infrastructure,Default,ECBRPRW62,D:,53.7,8.5,0,0,v_AjNxO11Y.D:
Physical Infrastructure,Default,ECBRPRCL13,J:,536.7,175.6,151.7,5505,v_BT6ptkg5.J:
Physical Infrastructure,Default,ECBRPRCL13,I:,160.9,64.1,294.9,1241,v_BT6ptkg5.I:
Physical Infrastructure,Default,ECBRPRCL13,Q:,5.3,0.1,0.1,6,v_BT6ptkg5.Q:
Physical Infrastructure,Default,ECBRPRCL13,K:,536.7,242.8,244.8,2565,v_BT6ptkg5.K:
Physical Infrastructure,Default,ECBRPRCL13,L:,160.9,86,650.1,10393,v_BT6ptkg5.L:
Physical Infrastructure,Default,ECBRPRCL13,M:,107.2,23.1,43.3,241,v_BT6ptkg5.M:
Physical Infrastructure,Default,ECBRPRCL13,O:,268.3,151.9,139.6,1796,v_BT6ptkg5.O:
Physical Infrastructure,Default,ECBRPRCL13,B:,268.3,104.2,480.7,6604,v_BT6ptkg5.B:
Physical Infrastructure,Default,ECBRPRCL13,C:,96,58.9,99.1,855,v_BT6ptkg5.C:
Physical Infrastructure,Default,ECBRPRCL13,D:,53.6,22.9,0,0,v_BT6ptkg5.D:
Physical Infrastructure,Default,ECBRPRCL13,E:,107.2,48.9,599,2400,v_BT6ptkg5.E:
Physical Infrastructure,Default,ECBRPRCL13,G:,160.9,14.8,447.3,1832,v_BT6ptkg5.G:
Physical Infrastructure,Default,ecbrprw60,C:,225,49.4,21,454,v_BajS5Ndo.C:
Physical Infrastructure,Default,ecbrprw60,D:,123.5,96.9,3.1,677,v_BajS5Ndo.D:
Physical Infrastructure,Default,ecbrprw60,J:,21.4,11.1,0,0,v_BajS5Ndo.J:
Physical Infrastructure,Default,ECBRPRAP13,C:,257.2,114.4,1.9,272,v_Bi87uVK4.C:
Physical Infrastructure,Default,ECBRPRAP13,D:,107.4,53.7,0,0,v_Bi87uVK4.D:
Physical Infrastructure,Default,ECBRPRQ73,C:,64.3,34.3,3.9,371,v_CLNn9fxL.C:
Physical Infrastructure,Default,ECBRPRQ73,D:,53.7,12.9,0.2,31,v_CLNn9fxL.D:
Physical Infrastructure,Default,ECBRPRQ73,E:,64.4,8.7,6.9,118,v_CLNn9fxL.E:
Physical Infrastructure,Default,ECBRPRQ73,F:,96.6,10.3,0.1,20,v_CLNn9fxL.F:
Physical Infrastructure,Default,ECBRPRQ73,G:,214.7,16,0.1,6,v_CLNn9fxL.G:
Physical Infrastructure,Default,ECBRPRW47,C:,160.5,90.9,18.5,1426,v_COjsdds0.C:
Physical Infrastructure,Default,ECBRPRW47,D:,53.7,6,0.1,17,v_COjsdds0.D:
Physical Infrastructure,Default,ECBRPRAP26,C:,64.3,35.6,14.9,444,v_DcUT7enV.C:
Physical Infrastructure,Default,ECBRPRAP26,D:,53.7,1,0.2,3,v_DcUT7enV.D:
Physical Infrastructure,Default,ecbrprq45,C:,160.5,90.4,13.5,298,v_EHimapnq.C:
Physical Infrastructure,Default,ecbrprq45,D:,891.2,455.5,363.1,1540,v_EHimapnq.D:
Physical Infrastructure,Default,ecbrprq45,E:,805.3,521.5,250.7,2831,v_EHimapnq.E:
Physical Infrastructure,Default,ecbrprq45,F:,697.9,499.6,0,0,v_EHimapnq.F:
Physical Infrastructure,Default,ecbrprq45,G:,536.9,289.9,0,0,v_EHimapnq.G:
Physical Infrastructure,Default,ecbrprq45,H:,536.9,311.7,86.7,362,v_EHimapnq.H:
Physical Infrastructure,Default,ecbrprq45,I:,805.3,570.6,369.2,4298,v_EHimapnq.I:
Physical Infrastructure,Default,ecbrprq45,J:,805.3,605.8,291.8,3664,v_EHimapnq.J:
Physical Infrastructure,Default,ecbrprq45,L:,279.2,15.8,0.3,116,v_EHimapnq.L:
Physical Infrastructure,Default,ecbrprq45,M:,268.3,155.1,0.5,62,v_EHimapnq.M:
Physical Infrastructure,Default,ecbrprq45,N:,268.3,205.3,3.7,472,v_EHimapnq.N:
Physical Infrastructure,Default,ecbrprq45,O:,268.3,168.5,0,2,v_EHimapnq.O:
Physical Infrastructure,Default,ecbrprq45,R:,536.9,397.8,127.6,526,v_EHimapnq.R:
Physical Infrastructure,Default,ecbrprq45,T:,85.9,6.9,0.2,25,v_EHimapnq.T:
Physical Infrastructure,Default,ecbrprq45,Y:,644.2,421.1,0,0,v_EHimapnq.Y:
Physical Infrastructure,Default,ecbrprq45,Z:,322.1,0.5,81.5,824,v_EHimapnq.Z:
Physical Infrastructure,Default,ECBRPRTI08,C:,85.8,52.4,177.6,1035,v_EQrW1cgx.C:
Physical Infrastructure,Default,ECBRPRTI08,D:,32.2,4.5,0,0,v_EQrW1cgx.D:
Physical Infrastructure,Default,ecbrprq50,C:,160.5,70.2,42.2,857,v_FPELBdLd.C:
Physical Infrastructure,Default,ecbrprq50,E:,322.1,50.1,251.1,1055,v_FPELBdLd.E:
Physical Infrastructure,Default,ECBRPRF02,C:,160.7,52.2,54,1315,v_Fk5YWKC9.C:
Physical Infrastructure,Default,ECBRPRF02,D:,2199,1957.2,216.3,2078,v_Fk5YWKC9.D:
Physical Infrastructure,Default,ECBRPRF02,F:,214.7,2.9,0,0,v_Fk5YWKC9.F:
Physical Infrastructure,Default,ECBRPRF02,L:,10.7,0.1,33.6,136,v_Fk5YWKC9.L:
Physical Infrastructure,Default,ECBRPRW33,C:,106.8,85.6,16.9,512,v_GEGMyiUx.C:
Physical Infrastructure,Default,ECBRPRW33,D:,107.4,35.6,0.1,28,v_GEGMyiUx.D:
Physical Infrastructure,Default,ECBRPRW53,C:,343.1,204.9,42.8,746,v_GUFidQtd.C:
Physical Infrastructure,Default,ECBRPRW53,D:,85.9,13,0,6,v_GUFidQtd.D:
Physical Infrastructure,Default,ECBRPRW53,E:,85.9,0.2,0,0,v_GUFidQtd.E:
Physical Infrastructure,Default,ecbrprw89,C:,160.3,65.9,15.5,402,v_GrtOI4N7.C:
Physical Infrastructure,Default,ecbrprw89,D:,268.4,138,11.1,2863,v_GrtOI4N7.D:
Physical Infrastructure,Default,ECBRPRW52,C:,160.5,109.3,25.1,681,v_HBaCW0hl.C:
Physical Infrastructure,Default,ECBRPRW52,D:,85.9,7.6,0,2,v_HBaCW0hl.D:
Physical Infrastructure,Default,ECBRPRW52,E:,85.9,0.2,0,0,v_HBaCW0hl.E:
Physical Infrastructure,Default,ecbrprq48,C:,160.5,71.8,18.6,2010,v_HC9bTbiq.C:
Physical Infrastructure,Default,ecbrprq48,D:,128.8,44.6,536.1,3843,v_HC9bTbiq.D:
Physical Infrastructure,Default,ecbrprq48,E:,85.9,5.2,0,10,v_HC9bTbiq.E:
Physical Infrastructure,Default,ECBRPRH02,C:,160.5,51,42.8,916,v_HCYoKZ00.C:
Physical Infrastructure,Default,ECBRPRH02,D:,289.9,189.3,17.4,94,v_HCYoKZ00.D:
Physical Infrastructure,Default,ECBRPRQ71,E:,139.6,17.8,1.8,32,v_HRiwTW6G.E:
Physical Infrastructure,Default,ECBRPRQ71,F:,268.4,165.4,308.1,1329,v_HRiwTW6G.F:
Physical Infrastructure,Default,ECBRPRQ71,G:,268.4,117.8,215.9,11820,v_HRiwTW6G.G:
Physical Infrastructure,Default,ECBRPRQ71,H:,322.1,165.8,340.9,9289,v_HRiwTW6G.H:
Physical Infrastructure,Default,ECBRPRQ71,I:,268.4,112.8,342.5,10182,v_HRiwTW6G.I:
Physical Infrastructure,Default,ECBRPRQ71,J:,268.4,114,196.9,4897,v_HRiwTW6G.J:
Physical Infrastructure,Default,ECBRPRQ71,K:,214.7,60.3,171.7,1287,v_HRiwTW6G.K:
Physical Infrastructure,Default,ECBRPRQ71,L:,214.7,63.5,176.5,1278,v_HRiwTW6G.L:
Physical Infrastructure,Default,ECBRPRQ71,M:,214.7,119.3,254,1443,v_HRiwTW6G.M:
Physical Infrastructure,Default,ECBRPRQ71,N:,214.7,87.4,230.1,1614,v_HRiwTW6G.N:
Physical Infrastructure,Default,ECBRPRQ71,C:,64.3,45.7,17.1,1199,v_HRiwTW6G.C:
Physical Infrastructure,Default,ECBRPRQ71,D:,53.7,1.7,0,0,v_HRiwTW6G.D:
Physical Infrastructure,Default,ECBRPRH03,C:,64.3,29.2,27.4,1636,v_IkigKg2p.C:
Physical Infrastructure,Default,ECBRPRH03,D:,322.1,181.6,11.4,1758,v_IkigKg2p.D:
Physical Infrastructure,Default,ECBRPRH03,E:,483.2,57.9,0,0,v_IkigKg2p.E:
Physical Infrastructure,Default,ecbrprq44,C:,160.5,98.5,133.2,3083,v_JcEUDREN.C:
Physical Infrastructure,Default,ecbrprq44,D:,644.2,462.4,270.8,8127,v_JcEUDREN.D:
Physical Infrastructure,Default,ecbrprq44,T:,322.1,98,117.9,488,v_JcEUDREN.T:
Physical Infrastructure,Default,ecbrprq44,Z:,53.7,2.5,217.3,1322,v_JcEUDREN.Z:
Physical Infrastructure,Default,ECBRPRW86,C:,85.3,42,16.1,758,v_Km5HtTf9.C:
Physical Infrastructure,Default,ECBRPRW86,D:,161,5,0.1,38,v_Km5HtTf9.D:
Physical Infrastructure,Default,ECBRPRW70,C:,160.5,48.4,9.6,3258,v_L4zaEZGj.C:
Physical Infrastructure,Default,ECBRPRW70,D:,53.7,6.5,0,0,v_L4zaEZGj.D:
Physical Infrastructure,Default,ecbrprq64,C:,85.3,51.5,21,916,v_LD9sLYsn.C:
Physical Infrastructure,Default,ecbrprq64,D:,107.4,67.3,0.1,13,v_LD9sLYsn.D:
Physical Infrastructure,Default,ecbrprq64,E:,429.5,165.8,191,806,v_LD9sLYsn.E:
Physical Infrastructure,Default,ecbrprq64,F:,161,48.7,96.3,1812,v_LD9sLYsn.F:
Physical Infrastructure,Default,ecbrprq64,G:,214.7,158.5,152.6,645,v_LD9sLYsn.G:
Physical Infrastructure,Default,ecbrprq64,H:,536.9,362,347.1,1558,v_LD9sLYsn.H:
Physical Infrastructure,Default,ecbrprq64,I:,322.1,260.4,263,1373,v_LD9sLYsn.I:
Physical Infrastructure,Default,ecbrprq64,Z:,96.6,0.4,0.1,27,v_LD9sLYsn.Z:
Physical Infrastructure,Default,ECBRPRW83,D:,137.4,7.1,1.7,35,v_LNlcbOyg.D:
Physical Infrastructure,Default,ECBRPRW83,E:,2188,1026.5,14.3,2136,v_LNlcbOyg.E:
Physical Infrastructure,Default,ECBRPRW83,C:,106.8,43.5,57.3,1900,v_LNlcbOyg.C:
Physical Infrastructure,Default,ecbrprti05,C:,160.5,59,224.6,911,v_LSb1ftN3.C:
Physical Infrastructure,Default,ecbrprti05,D:,161.1,29.9,0,0,v_LSb1ftN3.D:
Physical Infrastructure,Default,ecbrprbi01,C:,160.5,52.3,2.3,294,v_MI8qRg0M.C:
Physical Infrastructure,Default,ecbrprbi01,D:,1099.5,2.3,0,0,v_MI8qRg0M.D:
Physical Infrastructure,Default,ECBRPRCL14,H:,160.9,5.1,7.6,131,v_NcSxSEdL.H:
Physical Infrastructure,Default,ECBRPRCL14,N:,107.2,17.3,79.9,322,v_NcSxSEdL.N:
Physical Infrastructure,Default,ECBRPRCL14,C:,160.5,112.3,46.8,821,v_NcSxSEdL.C:
Physical Infrastructure,Default,ECBRPRCL14,D:,53.6,19.7,0,0,v_NcSxSEdL.D:
Physical Infrastructure,Default,ECBRPRCL14,F:,107.2,15.3,280.5,1188,v_NcSxSEdL.F:
Physical Infrastructure,Default,ECBRPRCL14,P:,536.9,177.2,229.6,1268,v_NcSxSEdL.P:
Physical Infrastructure,Default,ECBRPRCL14,R:,160.9,68.6,134.3,1841,v_NcSxSEdL.R:
Physical Infrastructure,Default,ECBRPRCL14,S:,214.6,54.2,63.6,255,v_NcSxSEdL.S:
Physical Infrastructure,Default,ECBRPRCL14,T:,644.1,269.2,741,4153,v_NcSxSEdL.T:
Physical Infrastructure,Default,ECBRPRCL14,U:,322,81.8,380.9,1610,v_NcSxSEdL.U:
Physical Infrastructure,Default,ECBRPRCL14,V:,107.2,40,130.9,551,v_NcSxSEdL.V:
Physical Infrastructure,Default,ECBRPRCL14,W:,858.9,496.4,301.3,1266,v_NcSxSEdL.W:
Physical Infrastructure,Default,ECBRPRCL14,X:,322,197.3,287.6,1218,v_NcSxSEdL.X:
Physical Infrastructure,Default,ECBRPRCL14,Y:,1099.4,140.9,93.7,382,v_NcSxSEdL.Y:
Physical Infrastructure,Default,ECBRPRCL14,Z:,536.9,165.3,112.4,473,v_NcSxSEdL.Z:
Physical Infrastructure,Default,ecbrprw72,C:,85.3,38.9,6.8,414,v_Nq4TxHGi.C:
Physical Infrastructure,Default,ecbrprw72,D:,107.4,3.8,0,0,v_Nq4TxHGi.D:
Physical Infrastructure,Default,ECBRPRW27,C:,235.7,113.1,116.6,1371,v_NtooIVBM.C:
Physical Infrastructure,Default,ECBRPRW27,D:,161.1,18.7,0,0,v_NtooIVBM.D:
Physical Infrastructure,Default,ecbrprcl10,C:,106.8,75.5,36.6,705,v_OhdHSgPq.C:
Physical Infrastructure,Default,ecbrprcl10,D:,42.9,24.5,0,0,v_OhdHSgPq.D:
Physical Infrastructure,Default,ecbrprcl10,T:,214.7,1.7,2.8,85,v_OhdHSgPq.T:
Physical Infrastructure,Default,ecbrprcl10,M:,85.9,3.8,1,10,v_OhdHSgPq.M:
Physical Infrastructure,Default,ecbrprcl10,N:,85.9,10.9,0.8,67,v_OhdHSgPq.N:
Physical Infrastructure,Default,ecbrprcl10,O:,107.4,15,42.1,784,v_OhdHSgPq.O:
Physical Infrastructure,Default,ecbrprcl10,P:,107.4,21.9,44.4,901,v_OhdHSgPq.P:
Physical Infrastructure,Default,ecbrprcl10,R:,107.4,10.9,44.4,659,v_OhdHSgPq.R:
Physical Infrastructure,Default,ecbrprcl10,S:,214.7,77.7,162,931,v_OhdHSgPq.S:
Physical Infrastructure,Default,ecbrprcl10,U:,214.7,87.6,147.3,884,v_OhdHSgPq.U:
Physical Infrastructure,Default,ecbrprcl10,V:,214.7,122.9,685.5,5197,v_OhdHSgPq.V:
Physical Infrastructure,Default,ecbrprcl10,W:,214.7,94.7,214.1,1025,v_OhdHSgPq.W:
Physical Infrastructure,Default,ecbrprcl10,X:,107.4,23.2,171,851,v_OhdHSgPq.X:
Physical Infrastructure,Default,ECBRPRW39,D:,42.9,4.1,0,0,v_Om3QewoD.D:
Physical Infrastructure,Default,ECBRPRW39,C:,85.3,41.2,5.6,420,v_Om3QewoD.C:
Physical Infrastructure,Default,ECBRPRW39,L:,21.5,13.4,0.2,13,v_Om3QewoD.L:
Physical Infrastructure,Default,ecbrprcl6,C:,160.5,60.8,61,909,v_OneYdu4G.C:
Physical Infrastructure,Default,ecbrprcl6,D:,53.7,24.9,0,0,v_OneYdu4G.D:
Physical Infrastructure,Default,ecbrprcl6,E:,107.2,9.6,1.7,43,v_OneYdu4G.E:
Physical Infrastructure,Default,ecbrprcl6,F:,107.2,4.6,0.9,18,v_OneYdu4G.F:
Physical Infrastructure,Default,ecbrprcl6,G:,107.2,7.2,23.6,757,v_OneYdu4G.G:
Physical Infrastructure,Default,ecbrprcl6,H:,107.2,7,1.1,21,v_OneYdu4G.H:
Physical Infrastructure,Default,ecbrprcl6,I:,182.4,105.3,118.5,488,v_OneYdu4G.I:
Physical Infrastructure,Default,ecbrprcl6,J:,85.8,13.1,7.6,187,v_OneYdu4G.J:
Physical Infrastructure,Default,ecbrprcl6,K:,375.7,247.9,255.6,1072,v_OneYdu4G.K:
Physical Infrastructure,Default,ecbrprcl6,L:,64.3,6.8,0.2,28,v_OneYdu4G.L:
Physical Infrastructure,Default,ecbrprcl6,M:,64.3,17.4,2,132,v_OneYdu4G.M:
Physical Infrastructure,Default,ecbrprcl6,N:,150.2,104.7,0.1,17,v_OneYdu4G.N:
Physical Infrastructure,Default,ecbrprcl6,Q:,5.3,0.1,0.1,10,v_OneYdu4G.Q:
Physical Infrastructure,Default,ecbrprcl6,R:,322,156,73.5,920,v_OneYdu4G.R:
Physical Infrastructure,Default,ECBRPRQ38,C:,128.3,58.5,15.7,813,v_Q6PwgK7F.C:
Physical Infrastructure,Default,ECBRPRQ38,D:,161,63.4,57.1,2274,v_Q6PwgK7F.D:
Physical Infrastructure,Default,ECBRPRQ38,E:,161,4.6,0.1,10,v_Q6PwgK7F.E:
Physical Infrastructure,Default,ECBRPRQ38,F:,161,0.3,0.2,35,v_Q6PwgK7F.F:
Physical Infrastructure,Default,ecbrprcl9,C:,106.8,75.4,62.4,892,v_QcgTUIE7.C:
Physical Infrastructure,Default,ecbrprcl9,D:,42.9,24.5,0,0,v_QcgTUIE7.D:
Physical Infrastructure,Default,ecbrprcl9,E:,107.4,18,12.7,481,v_QcgTUIE7.E:
Physical Infrastructure,Default,ecbrprcl9,H:,107.4,6.4,0,10,v_QcgTUIE7.H:
Physical Infrastructure,Default,ecbrprcl9,I:,107.4,18.5,3.8,62,v_QcgTUIE7.I:
Physical Infrastructure,Default,ecbrprcl9,Q:,5.3,0.1,0.1,2,v_QcgTUIE7.Q:
Physical Infrastructure,Default,ecbrprcl9,F:,53.7,30.5,0,2,v_QcgTUIE7.F:
Physical Infrastructure,Default,ecbrprcl9,G:,53.7,7.5,0.5,21,v_QcgTUIE7.G:
Physical Infrastructure,Default,ecbrprti03,C:,160.5,84.2,21.2,872,v_Qynj84tB.C:
Physical Infrastructure,Default,ecbrprti03,D:,85.9,49.1,0,0,v_Qynj84tB.D:
Physical Infrastructure,Default,ecbrpra03,C:,160.5,113.5,229.7,1701,v_RKpJX3Ss.C:
Physical Infrastructure,Default,ecbrpra03,D:,375.8,155.4,0,0,v_RKpJX3Ss.D:
Physical Infrastructure,Default,ECBRPRQ30,C:,161,117.7,11.5,471,v_RUN0Ppj8.C:
Physical Infrastructure,Default,ECBRPRQ30,D:,2199,2065.6,155.6,1876,v_RUN0Ppj8.D:
Physical Infrastructure,Default,ECBRPRQ30,Z:,268.4,0.6,27.2,443,v_RUN0Ppj8.Z:
Physical Infrastructure,Default,ecbrprti02,C:,214.2,140.3,11.8,397,v_Sz1jDxX5.C:
Physical Infrastructure,Default,ecbrprti02,D:,85.9,49.1,0.8,212,v_Sz1jDxX5.D:
Physical Infrastructure,Default,ECBRPRW85,C:,85.3,39.2,24.5,680,v_TIiCbJpE.C:
Physical Infrastructure,Default,ECBRPRW85,D:,42.9,9.2,0,0,v_TIiCbJpE.D:
Physical Infrastructure,Default,ecbrprq59,C:,128.3,68.4,111.4,1109,v_TgYcDqh7.C:
Physical Infrastructure,Default,ecbrprq59,D:,107.4,37.8,116,6007,v_TgYcDqh7.D:
Physical Infrastructure,Default,ecbrprq59,E:,161,48.4,0.6,44,v_TgYcDqh7.E:
Physical Infrastructure,Default,ecbrprq59,F:,53.7,31.6,24.2,884,v_TgYcDqh7.F:
Physical Infrastructure,Default,ecbrprq59,G:,64.4,10.6,102.6,477,v_TgYcDqh7.G:
Physical Infrastructure,Default,ecbrprq59,Z:,64.4,0.2,12.2,63,v_TgYcDqh7.Z:
Physical Infrastructure,Default,ECBRPRW92,C:,64.3,52.2,39.4,899,v_TxDgqM0p.C:
Physical Infrastructure,Default,ECBRPRW92,D:,53.7,14.6,0.1,21,v_TxDgqM0p.D:
Physical Infrastructure,Default,ECBRPRW92,E:,429.5,25.4,17.5,4492,v_TxDgqM0p.E:
Physical Infrastructure,Default,ECBRPRW65,C:,160.5,44.8,19.6,729,v_UXCpWBB3.C:
Physical Infrastructure,Default,ECBRPRW65,D:,53.7,5.1,0,10,v_UXCpWBB3.D:
Physical Infrastructure,Default,ecbrprq55,C:,160.5,61.7,29.1,1560,v_VC2nsoWg.C:
Physical Infrastructure,Default,ecbrprq55,D:,161.1,40.7,167.1,3023,v_VC2nsoWg.D:
Physical Infrastructure,Default,ecbrprq55,F:,161.1,1.7,0,17,v_VC2nsoWg.F:
Physical Infrastructure,Default,ECBRPRW64,C:,160.5,58.3,1.8,364,v_VbpSOjbt.C:
Physical Infrastructure,Default,ECBRPRW64,D:,53.7,20.3,0,10,v_VbpSOjbt.D:
Physical Infrastructure,Default,ECBRPRQ21,C:,85.8,59.3,50.9,690,v_W8lzaLBc.C:
Physical Infrastructure,Default,ECBRPRQ21,D:,32.2,20,85.9,2241,v_W8lzaLBc.D:
Physical Infrastructure,Default,ECBRPRQ21,E:,268.4,196.1,448.6,4978,v_W8lzaLBc.E:
Physical Infrastructure,Default,ECBRPRQ21,H:,161.1,75.9,0,0,v_W8lzaLBc.H:
Physical Infrastructure,Default,ECBRPRQ21,I:,322.1,110.3,515.8,8105,v_W8lzaLBc.I:
Physical Infrastructure,Default,ECBRPRQ21,Z:,21.5,0.3,11.2,59,v_W8lzaLBc.Z:
Physical Infrastructure,Default,ecbrprq49,C:,160.5,77,41.5,620,v_WBjpB1yF.C:
Physical Infrastructure,Default,ecbrprq49,E:,268.4,72.9,301.8,2355,v_WBjpB1yF.E:
Physical Infrastructure,Default,ecbrprq49,F:,268.3,105.5,113,1571,v_WBjpB1yF.F:
Physical Infrastructure,Default,ecbrprw90,C:,160.3,65.1,5.3,226,v_X7lN615B.C:
Physical Infrastructure,Default,ecbrprw90,D:,268.4,109.3,12.5,1073,v_X7lN615B.D:
Physical Infrastructure,Default,ECBRPRKW01,C:,160.5,52.6,31,874,v_X9cZDWi6.C:
Physical Infrastructure,Default,ECBRPRKW01,D:,42.9,9.4,0.2,62,v_X9cZDWi6.D:
Physical Infrastructure,Default,ECBRPRW87,C:,160.5,71.8,3,361,v_XoF17Gzr.C:
Physical Infrastructure,Default,ECBRPRW87,D:,161,70.3,0.1,10,v_XoF17Gzr.D:
Physical Infrastructure,Default,ecbrprf03,C:,53.1,33,40.5,1031,v_ZITYQEBZ.C:
Physical Infrastructure,Default,ecbrprf03,D:,268.4,6.1,0,0,v_ZITYQEBZ.D:
Physical Infrastructure,Default,ECBRPRAP10,C:,171.3,63.1,15.2,576,v_ZPfSsHeE.C:
Physical Infrastructure,Default,ECBRPRAP10,D:,322.1,101.8,15.4,238,v_ZPfSsHeE.D:
Physical Infrastructure,Default,ECBRPRW58,C:,160.5,44.6,23.5,732,v_aaKqFQgL.C:
Physical Infrastructure,Default,ECBRPRW58,D:,42.9,3.4,0,0,v_aaKqFQgL.D:
Physical Infrastructure,Default,ECBRPRW58,L:,21.3,2.6,0,10,v_aaKqFQgL.L:
Physical Infrastructure,Default,ecbrprsf1,C:,161.1,59,75.2,2414,v_bLaAVocv.C:
Physical Infrastructure,Default,ecbrprsf1,D:,429.5,88.7,1.6,102,v_bLaAVocv.D:
Physical Infrastructure,Default,ECBRPRW44,C:,160.5,112.1,4.2,591,v_bmoWDpWc.C:
Physical Infrastructure,Default,ECBRPRW44,D:,53.7,11,2.2,17,v_bmoWDpWc.D:
Physical Infrastructure,Default,ECBRPRW15,C:,85.8,42.2,14.1,860,v_bxHT8hmA.C:
Physical Infrastructure,Default,ECBRPRW15,D:,107.4,36.1,8.5,1587,v_bxHT8hmA.D:
Physical Infrastructure,Default,ECBRPRW38,D:,42.9,5.9,0,0,v_cQywyrJ8.D:
Physical Infrastructure,Default,ECBRPRW38,L:,21.5,13.5,0.1,13,v_cQywyrJ8.L:
Physical Infrastructure,Default,ECBRPRW38,C:,85.3,40.1,19.3,362,v_cQywyrJ8.C:
Physical Infrastructure,Default,ECBRPRAP29,C:,85.8,36,74.8,1319,v_cigLj60i.C:
Physical Infrastructure,Default,ECBRPRAP29,D:,53.7,3.3,0,0,v_cigLj60i.D:
Physical Infrastructure,Default,ECBRPRAP29,E:,107.4,0.1,0,0,v_cigLj60i.E:
Physical Infrastructure,Default,ECBRPRAP4,C:,209.2,102.3,9.9,497,v_dH4SLK3k.C:
Physical Infrastructure,Default,ECBRPRAP4,D:,2400.3,1194.5,61.8,791,v_dH4SLK3k.D:
Physical Infrastructure,Default,ECBRPRAP12,C:,214.2,156.2,99.2,2295,v_dJA6zue9.C:
Physical Infrastructure,Default,ECBRPRAP12,D:,91.3,60.9,0.5,78,v_dJA6zue9.D:
Physical Infrastructure,Default,BGR186QV1,C:,160.5,61.1,29,1013,v_dhWn61DW.C:
Physical Infrastructure,Default,BGR186QV1,D:,107.4,15.2,0,0,v_dhWn61DW.D:
Physical Infrastructure,Default,ECBRPRW59,C:,160.5,47.3,17.4,691,v_eSCZp6sb.C:
Physical Infrastructure,Default,ECBRPRW59,D:,42.9,3.1,0.2,6,v_eSCZp6sb.D:
Physical Infrastructure,Default,ECBRPRW59,L:,21.3,2.1,0.1,17,v_eSCZp6sb.L:
Physical Infrastructure,Default,ECBRPRWE25,C:,160.5,100.9,17.6,535,v_fZTcuQ9H.C:
Physical Infrastructure,Default,ECBRPRWE25,D:,257.7,17.2,0.4,13,v_fZTcuQ9H.D:
Physical Infrastructure,Default,ECBRPRWE25,L:,32.1,16.6,0.1,13,v_fZTcuQ9H.L:
Physical Infrastructure,Default,ECBRPRAP27,D:,53.7,29.1,0,0,v_faPLD1sE.D:
Physical Infrastructure,Default,ECBRPRAP27,E:,107.4,0.1,0,0,v_faPLD1sE.E:
Physical Infrastructure,Default,ECBRPRAP27,C:,64.3,29.8,36.1,671,v_faPLD1sE.C:
Physical Infrastructure,Default,ecbrprcl5,F:,107.2,4.6,2.1,42,v_fg8jSsdg.F:
Physical Infrastructure,Default,ecbrprcl5,I:,182.4,105.3,129.5,535,v_fg8jSsdg.I:
Physical Infrastructure,Default,ecbrprcl5,J:,85.8,12.8,6,312,v_fg8jSsdg.J:
Physical Infrastructure,Default,ecbrprcl5,K:,375.7,247.9,285.5,1207,v_fg8jSsdg.K:
Physical Infrastructure,Default,ecbrprcl5,E:,107.2,9.7,1,20,v_fg8jSsdg.E:
Physical Infrastructure,Default,ecbrprcl5,Q:,5.3,0.1,0.1,13,v_fg8jSsdg.Q:
Physical Infrastructure,Default,ecbrprcl5,R:,322,155.5,84.2,346,v_fg8jSsdg.R:
Physical Infrastructure,Default,ecbrprcl5,C:,106.1,58.9,18.1,500,v_fg8jSsdg.C:
Physical Infrastructure,Default,ecbrprcl5,D:,53.7,26,0,0,v_fg8jSsdg.D:
Physical Infrastructure,Default,ecbrprcl11,C:,106.1,63.1,57.7,991,v_fqokYMoz.C:
Physical Infrastructure,Default,ecbrprcl11,D:,53.7,27.9,0,0,v_fqokYMoz.D:
Physical Infrastructure,Default,ecbrprcl11,E:,107.2,16.7,158.1,2536,v_fqokYMoz.E:
Physical Infrastructure,Default,ecbrprcl11,F:,134.1,63.2,275,1168,v_fqokYMoz.F:
Physical Infrastructure,Default,ecbrprcl11,G:,214.6,119.4,86.2,363,v_fqokYMoz.G:
Physical Infrastructure,Default,ecbrprcl11,H:,150.2,116.7,262.2,1105,v_fqokYMoz.H:
Physical Infrastructure,Default,ecbrprcl11,I:,155.6,32.9,34.6,833,v_fqokYMoz.I:
Physical Infrastructure,Default,ecbrprcl11,J:,322,109.6,100.5,427,v_fqokYMoz.J:
Physical Infrastructure,Default,ecbrprcl11,K:,322.1,228.9,359.8,1518,v_fqokYMoz.K:
Physical Infrastructure,Default,ecbrprcl11,Q:,5.3,0.1,0,0,v_fqokYMoz.Q:
Physical Infrastructure,Default,ECBRPRSP01,C:,160.7,92.4,42.9,2131,v_g4hRyu74.C:
Physical Infrastructure,Default,ECBRPRSP01,D:,536.9,78.2,14.8,405,v_g4hRyu74.D:
Physical Infrastructure,Default,ECBRPRSP01,E:,1073.7,837.5,87.8,2209,v_g4hRyu74.E:
Physical Infrastructure,Default,ECBRPRW17,C:,85.3,57.1,111.4,1291,v_gjf17W6B.C:
Physical Infrastructure,Default,ECBRPRW17,D:,42.9,3.4,1.9,64,v_gjf17W6B.D:
Physical Infrastructure,Default,ECBRPRE01,C:,75,61,72.6,18037,v_i6szfKiA.C:
Physical Infrastructure,Default,ECBRPRE01,D:,42.9,18.6,0,0,v_i6szfKiA.D:
Physical Infrastructure,Default,ECBRPRE01,E:,1447.4,747.1,5.3,1122,v_i6szfKiA.E:
Physical Infrastructure,Default,ECBRPRW73,C:,85.3,39.3,12.5,683,v_imQYgLtT.C:
Physical Infrastructure,Default,ECBRPRW73,D:,42.9,5.4,0,0,v_imQYgLtT.D:
Physical Infrastructure,Default,ECBRPRW73,L:,21.5,13.1,0.1,13,v_imQYgLtT.L:
Physical Infrastructure,Default,ECBRPRW93,C:,64.3,38.5,39.7,1493,v_iquVSTeU.C:
Physical Infrastructure,Default,ECBRPRW93,D:,53.7,14.4,0,11,v_iquVSTeU.D:
Physical Infrastructure,Default,ECBRPRW93,E:,429.5,19.8,0,0,v_iquVSTeU.E:
Physical Infrastructure,Default,ecbrprti01,D:,139.6,30.6,10.1,1162,v_jCdT4f2j.D:
Physical Infrastructure,Default,ecbrprti01,C:,160.5,116.2,5.3,307,v_jCdT4f2j.C:
Physical Infrastructure,Default,ECBRPRDP1,C:,536.2,151.7,136.2,18453,v_jr5Cn0cS.C:
Physical Infrastructure,Default,ECBRPRDP1,D:,663.3,452.8,45.3,3419,v_jr5Cn0cS.D:
Physical Infrastructure,Default,ECBRPRDP1,E:,483.2,197.1,396,1894,v_jr5Cn0cS.E:
Physical Infrastructure,Default,ECBRPRDP1,F:,429.5,151.7,4.1,176,v_jr5Cn0cS.F:
Physical Infrastructure,Default,ECBRPRQ72,C:,64.3,36.9,20.7,690,v_kGi5cnFu.C:
Physical Infrastructure,Default,ECBRPRQ72,D:,21.5,4.4,9.9,429,v_kGi5cnFu.D:
Physical Infrastructure,Default,ECBRPRQ72,E:,21.5,0.1,0.6,17,v_kGi5cnFu.E:
Physical Infrastructure,Default,ECBRPRQ72,F:,21.5,4.2,0.2,6,v_kGi5cnFu.F:
Physical Infrastructure,Default,ECBRPRQ72,G:,42.9,2.2,0,0,v_kGi5cnFu.G:
Physical Infrastructure,Default,ECBRPRWE26,C:,160.5,116.4,10,410,v_m0oyGzcX.C:
Physical Infrastructure,Default,ECBRPRWE26,D:,42.9,30.6,0.1,13,v_m0oyGzcX.D:
Physical Infrastructure,Default,ECBRPRWE26,L:,32.1,11.3,0.1,13,v_m0oyGzcX.L:
Physical Infrastructure,Default,ECBRPRW06,D:,21.5,6.6,0,0,v_mJ7moi7j.D:
Physical Infrastructure,Default,ECBRPRW06,C:,53.7,35.4,49.4,780,v_mJ7moi7j.C:
Physical Infrastructure,Default,ecbrprq46,C:,128.3,84.5,15.5,745,v_nwz35wMy.C:
Physical Infrastructure,Default,ecbrprq46,D:,107.4,59.7,89.5,944,v_nwz35wMy.D:
Physical Infrastructure,Default,ecbrprq46,E:,161.1,3.9,0.4,28,v_nwz35wMy.E:
Physical Infrastructure,Default,ecbrprq46,F:,53.7,0.2,0,0,v_nwz35wMy.F:
Physical Infrastructure,Default,ecbrprq46,Z:,64.4,0.6,0.3,50,v_nwz35wMy.Z:
Physical Infrastructure,Default,ECBRPRW63,C:,160.5,44.4,76.1,1261,v_p2D2Ocu7.C:
Physical Infrastructure,Default,ECBRPRW63,D:,53.7,4.8,0,0,v_p2D2Ocu7.D:
Physical Infrastructure,Default,ECBRPRW50,C:,160.5,94.2,12.6,639,v_q5yT59Qf.C:
Physical Infrastructure,Default,ECBRPRW50,D:,75.2,26.7,0,10,v_q5yT59Qf.D:
Physical Infrastructure,Default,ECBRPRW50,L:,21.3,13,0.1,13,v_q5yT59Qf.L:
Physical Infrastructure,Default,ecbrprcl2,C:,106.1,60.6,16.3,543,v_q91Ey0r5.C:
Physical Infrastructure,Default,ecbrprcl2,D:,53.7,25.1,0,0,v_q91Ey0r5.D:
Physical Infrastructure,Default,ecbrprcl2,H:,214.6,35.3,0.2,28,v_q91Ey0r5.H:
Physical Infrastructure,Default,ecbrprcl2,I:,214.6,11.6,0.1,17,v_q91Ey0r5.I:
Physical Infrastructure,Default,ecbrprcl2,J:,107.2,1.8,0.2,65,v_q91Ey0r5.J:
Physical Infrastructure,Default,ecbrprcl2,L:,53.6,4.2,34.4,1105,v_q91Ey0r5.L:
Physical Infrastructure,Default,ecbrprcl2,M:,107.2,0.3,3.7,66,v_q91Ey0r5.M:
Physical Infrastructure,Default,ECBRPRW35,C:,160.7,34.7,90.3,1232,v_qIB1L3Rm.C:
Physical Infrastructure,Default,ECBRPRW35,D:,42.9,12.4,0,0,v_qIB1L3Rm.D:
Physical Infrastructure,Default,ecbrprti06,C:,160.5,49.4,41.3,1907,v_qQSweZbL.C:
Physical Infrastructure,Default,ecbrprti06,D:,182.5,29,43.6,750,v_qQSweZbL.D:
Physical Infrastructure,Default,ECBRPRWE27,C:,160.5,44,0.9,157,v_qgfucwRo.C:
Physical Infrastructure,Default,ECBRPRWE27,D:,53.6,19.4,0,0,v_qgfucwRo.D:
Physical Infrastructure,Default,ECBRPRQ24,C:,107.3,79.5,6,1097,v_qvwVQR5s.C:
Physical Infrastructure,Default,ECBRPRQ24,D:,214.7,40.4,2.2,40,v_qvwVQR5s.D:
Physical Infrastructure,Default,ECBRPRQ24,E:,32.2,2.7,0,0,v_qvwVQR5s.E:
Physical Infrastructure,Default,ECBRPRQ24,F:,697.9,14.5,59.3,253,v_qvwVQR5s.F:
Physical Infrastructure,Default,ECBRPRQ24,H:,697.9,0.1,0,0,v_qvwVQR5s.H:
Physical Infrastructure,Default,ECBRPRQ24,I:,161.1,0.1,0,0,v_qvwVQR5s.I:
Physical Infrastructure,Default,ECBRPRQ24,J:,214.7,0.1,0,0,v_qvwVQR5s.J:
Physical Infrastructure,Default,ECBRPRQ24,K:,268.4,0.1,0,0,v_qvwVQR5s.K:
Physical Infrastructure,Default,ECBRPRQ24,Z:,96.6,4,1,63,v_qvwVQR5s.Z:
Physical Infrastructure,Default,ECBRPRF05,C:,64.3,31.7,83.2,2062,v_s1Tz8PZV.C:
Physical Infrastructure,Default,ECBRPRF05,D:,161,3.5,0.5,66,v_s1Tz8PZV.D:
Physical Infrastructure,Default,ECBRPRW57,C:,160.5,55.3,12,709,v_sD08mSc9.C:
Physical Infrastructure,Default,ECBRPRW57,D:,429.5,9.7,0,0,v_sD08mSc9.D:
Physical Infrastructure,Default,ECBRPRCL12,C:,96,50.4,113.6,478,v_sMwB0ngY.C:
Physical Infrastructure,Default,ECBRPRCL12,D:,53.6,22.3,0,0,v_sMwB0ngY.D:
Physical Infrastructure,Default,ECBRPRCL12,Q:,5.3,0.1,0.1,10,v_sMwB0ngY.Q:
Physical Infrastructure,Default,ECBRPRW19,C:,151,32.2,52.3,1529,v_sX8eCtkP.C:
Physical Infrastructure,Default,ECBRPRW19,D:,42.9,0.4,0,0,v_sX8eCtkP.D:
Physical Infrastructure,Default,ECBRPRAP6,C:,160.5,61.6,23.1,682,v_sXupXpP7.C:
Physical Infrastructure,Default,ECBRPRAP6,D:,107.4,11.1,0,0,v_sXupXpP7.D:
Physical Infrastructure,Default,ECBRPRW07,C:,84.8,56.8,3.2,811,v_uZ4nAGDZ.C:
Physical Infrastructure,Default,ECBRPRW07,D:,32.2,0.8,0,0,v_uZ4nAGDZ.D:
Physical Infrastructure,Default,ECBRPRCC01,C:,160.5,109.1,60.9,1540,v_ubgBpyFm.C:
Physical Infrastructure,Default,ECBRPRCC01,D:,75.2,54.9,6.7,1713,v_ubgBpyFm.D:
Physical Infrastructure,Default,ECBRPRF06,C:,64.3,30.9,18.3,1315,v_vwutBPyT.C:
Physical Infrastructure,Default,ECBRPRF06,D:,161,3.9,0,0,v_vwutBPyT.D:
Physical Infrastructure,Default,ECBRPRW45,C:,160.5,124.4,23.6,318,v_wTDQZiUh.C:
Physical Infrastructure,Default,ECBRPRW45,D:,53.7,10.2,2.1,23,v_wTDQZiUh.D:
Physical Infrastructure,Default,ECBRPRW69,C:,160.5,54.3,4.3,237,v_wXkAfTbL.C:
Physical Infrastructure,Default,ECBRPRW69,D:,107.4,18.9,0.2,21,v_wXkAfTbL.D:
Physical Infrastructure,Default,ECBRPRW76,C:,74.6,59.3,6.1,681,v_x8SmS63W.C:
Physical Infrastructure,Default,ECBRPRW76,D:,42.9,16.9,0.2,13,v_x8SmS63W.D:
Physical Infrastructure,Default,ECBRPRW77,C:,74.6,60.2,11.7,990,v_yGLJNJOO.C:
Physical Infrastructure,Default,ECBRPRW77,D:,42.9,17.8,11.2,134,v_yGLJNJOO.D:
Physical Infrastructure,Default,ecbrprap15,C:,160.5,40.7,12.5,682,v_yJoohm4A.C:
Physical Infrastructure,Default,ecbrprap15,D:,158.5,52.5,1.5,226,v_yJoohm4A.D:
Physical Infrastructure,Default,ECBRPRSRM1,C:,85.1,54.9,51.2,1275,v_ypZMO0Q5.C:
Physical Infrastructure,Default,ECBRPRSRM1,D:,53.7,31,0,0,v_ypZMO0Q5.D:
Physical Infrastructure,Default,ECBRPRSRM1,J:,10.7,0.1,0,0,v_ypZMO0Q5.J:
Physical Infrastructure,Default,ECBRPRSRM1,R:,214.7,1.6,0,0,v_ypZMO0Q5.R:
